project_id,source_document,pmge_line,project_name,project_description,expected_output,timeframe,keywords
PMGE-001,PMGE20262030yAgendaRegulatoriaANEMar2026.pdf,Disponibilidad de espectro,Hoja de Ruta para el Espectro IMT en Colombia: proyecciones de demanda y planificación prospectiva,"Alcance y justificación: El crecimiento sostenido del tráfico de datos y la diversificación de usos soportados sobre los servicios de banda ancha podrían traducirse en mayores requerimientos de espectro identificado para las Telecomunicaciones Móviles Internacionales (IMT), lo que plantea retos importantes para su planificación y gestión eficiente en el mediano y largo plazo. La Política de gestión de Espectro 2026–2029 señala la importancia de fortalecer, en cabeza de la ANE, los mecanismos de identificación y proyección de la demanda de espectro IMT, considerando la evolución del consumo de datos, las tendencias tecnológicas y las condiciones del mercado nacional, con el fin de evitar enfoques reactivos que generen incertidumbre regulatoria y retrasen las decisiones de inversión. En este contexto, resulta fundamental contar con herramientas técnicas prospectivas que permitan anticipar ",,2026–2029,"IMT 5G bandas, Datos IA gobernanza, Internacional"
PMGE-002,PMGE20262030yAgendaRegulatoriaANEMar2026.pdf,Disponibilidad de espectro,Evaluación y Propuesta de ajuste de los Topes de Espectro para servicios IMT,"Alcance y justificación: En la gestión del espectro radioeléctrico, la fijación de topes de espectro constituye un instrumento de política pública orientado a establecer la cantidad máxima de espectro a la que puede acceder un operador de servicios móviles, con el fin de promover condiciones de competencia, prevenir el acaparamiento de este recurso y favorecer su asignación y uso eficiente como bien limitado y estratégico. En el marco de sus funciones, la ANE asesorará al MinTIC en la definición y revisión de los topes de espectro aplicables a los Proveedores de Redes y Servicios de Telecomunicaciones (PRST) que prestan servicios móviles en las bandas identificadas para las Telecomunicaciones Móviles Internacionales (IMT). En este contexto, el proyecto contempla la elaboración de estudios técnicos y económicos que permitan evaluar la pertinencia de los topes vigentes y, de ser necesario,",,2026,"IMT 5G bandas, Datos IA gobernanza, Internacional"
PMGE-003,PMGE20262030yAgendaRegulatoriaANEMar2026.pdf,Disponibilidad de espectro,Propuesta de Mecanismo de Asignación Estándar de Espectro Remanente,"Alcance y justificación: La asignación del espectro radioeléctrico constituye un elemento central de la política púbica en el sector de telecomunicaciones, en la medida en que incide directamente en el desempeño de las redes, la provisión de servicios y el bienestar social. Retrasos o ineficiencias en los procesos de asignación pueden generar costos de oportunidad significativos, al limitar la disponibilidad de nuevos servicios, retrasar la adopción tecnológica y afectar la calidad y cobertura de las comunicaciones, con impactos transversales en sectores que dependen crecientemente de la conectividad, como puede ser, educación, salud y seguridad, solo por mencionar algunos. Página 43 de 70 Agencia Nacional del Espectro Dirección: Calle 93 # 17-45 Piso 4. Bogotá D.C. Teléfono conmutador: (+57) 60 (1) 6000030 Correo Institucional: contactenos@ane.gov.co En este contexto, como resultado de ",,2026,"IMT 5G bandas, Datos IA gobernanza, Internacional"
PMGE-004,PMGE20262030yAgendaRegulatoriaANEMar2026.pdf,Disponibilidad de espectro,Propuesta de Mecanismos de Acceso y Valoración Económica del Espectro Radioeléctrico para Redes Privadas,"Alcance y justificación: En el marco de sus funciones de planeación y gestión del espectro radioeléctrico, la ANE ha adelantado estudios técnicos orientados a definir las condiciones de uso del espectro identificado para IMT por parte de sectores productivos4, con el fin de habilitar la implementación de redes privadas de banda ancha en Colombia. Con el propósito de avanzar hacia un esquema integral que permita la asignación de espectro para redes privadas, este proyecto contempla el desarrollo de una propuesta que incluya: i. La definición de las condiciones técnicas, operativas y regulatorias que soporten el otorgamiento de espectro para este tipo de redes. ii. La formulación de lineamientos para la estructuración del proceso de selección objetiva a cargo del MinTIC. iii. La definición de parámetros para la valoración económica del espectro asociados a estos permisos. 4 Para más inform",,2027,"IMT 5G bandas, Redes privadas, Datos IA gobernanza"
PMGE-005,PMGE20262030yAgendaRegulatoriaANEMar2026.pdf,Disponibilidad de espectro,Estudio de planificación del espectro en la banda de 440 a 470 MHz (450 MHz),"Alcance y justificación: La banda de frecuencias comprendida entre 440 y 470 MHz, comúnmente referida como la banda de 450 MHz, es utilizada principalmente por sistemas de Radio Móvil Terrestre (LMR) para la provisión de servicios de comunicaciones de voz, y se encuentra canalizada en distintas sub-bandas de conformidad con lo establecido en el Cuadro Nacional de Atribución de Bandas de Frecuencias (CNABF). El análisis de la ocupación del espectro en esta banda evidencia una utilización heterogénea a nivel territorial, con municipios que presentan altos niveles de ocupación, particularmente en zonas urbanas y ciudades principales, lo que puede limitar la asignación de nuevos canales y el acceso de otros interesados. Este contexto plantea la necesidad de evaluar las condiciones actuales de uso del espectro en la banda de 440 a 470 MHz, así como las restricciones y oportunidades existentes",,2027,Datos IA gobernanza
PMGE-006,PMGE20262030yAgendaRegulatoriaANEMar2026.pdf,Disponibilidad de espectro,Análisis del Esquema de Contraprestación Económica aplicable a enlaces fijos Punto a Punto,"Página 45 de 70 Agencia Nacional del Espectro Dirección: Calle 93 # 17-45 Piso 4. Bogotá D.C. Teléfono conmutador: (+57) 60 (1) 6000030 Correo Institucional: contactenos@ane.gov.co Alcance y justificación: Los enlaces fijos punto a punto constituyen un componente esencial de las redes de transporte de telecomunicaciones, al soportar el despliegue y operación de redes móviles y fijas, especialmente en contextos donde el despliegue de infraestructura alámbrica no resulta técnica o económicamente viable. En este sentido, estos enlaces representan una proporción relevante dentro del universo de asignaciones de espectro radioeléctrico y cumplen un rol estratégico en la provisión de servicios de conectividad a nivel nacional. Considerando la importancia de los enlaces fijos punto a punto y las observaciones recibidas por parte de los interesados respecto de la fórmula y los parámetros de valor",,2019,"Datos IA gobernanza, Internacional"
PMGE-007,PMGE20262030yAgendaRegulatoriaANEMar2026.pdf,Disponibilidad de espectro,Análisis y revisión de la contraprestación económica aplicable a sistemas Punto Multipunto,"Alcance y justificación: Los sistemas de cubrimiento y/o enlaces punto multipunto operan dentro de un área de servicio o zona geográfica definida, en la cual el titular de un permiso de uso del espectro radioeléctrico puede utilizar una o varias frecuencias asignadas, mediante la operación de equipos destinados a la provisión de servicios de telecomunicaciones. Este tipo de sistemas representa una proporción relevante dentro del universo de asignaciones de espectro radioeléctrico y constituye una herramienta indispensable para el desarrollo de actividades de múltiples organizaciones públicas y privadas, entre ellas aquellas asociadas a la seguridad pública y privada, la logística, el transporte y la operación y mantenimiento de infraestructuras. El uso de estos sistemas contribuye, a su vez, al desarrollo socioeconómico de las regiones y al cumplimiento de funciones esenciales relacionad",,2010,Datos IA gobernanza
PMGE-008,PMGE20262030yAgendaRegulatoriaANEMar2026.pdf,Disponibilidad de espectro,Gestión del espectro para servicios esenciales: Caracterización y Diagnóstico de uso,"Alcance y justificación: El espectro radioeléctrico es un recurso limitado y estratégico cuya gestión eficiente resulta fundamental para maximizar el beneficio social y apoyar el desarrollo tecnológico del país. En este contexto, resulta indispensable contar con información actualizada y confiable sobre el uso efectivo del espectro asignado, que permita sustentar los procesos de análisis y toma de decisiones orientados a su utilización eficiente. Adicionalmente, el espectro radioeléctrico desempeña un papel crítico en la prestación de servicios esenciales asociados a la defensa nacional, la atención de emergencias y los servicios públicos domiciliarios, los cuales dependen de sistemas inalámbricos que habilitan la movilidad, la flexibilidad operativa y el acceso oportuno a la información, facilitando la conexión en tiempo real entre dispositivos y personas. El proyecto contempla la carac",,2027,"Datos IA gobernanza, Internacional"
PMGE-009,PMGE20262030yAgendaRegulatoriaANEMar2026.pdf,Disponibilidad de espectro,Observatorio de Mecanismos Flexibles de Acceso y Uso del Espectro Radioeléctrico,"Alcance y justificación: La evolución de las tecnologías de radiocomunicaciones y la creciente demanda por acceso al espectro para múltiples usos han impulsado, a nivel internacional, el desarrollo e implementación de mecanismos flexibles de acceso y uso del espectro, tales como esquemas de compartición, mercados secundarios y modalidades de asignación no exclusivas. En este contexto, resulta necesario contar con un mecanismo técnico que permita monitorear de manera sistemática y continua los avances, experiencias y resultados asociados a la aplicación de este tipo de mecanismos en diferentes jurisdicciones. Con este propósito, el proyecto contempla la formulación de la estructura, la agenda de trabajo y el funcionamiento del Observatorio de Mecanismos Flexibles de Acceso y Uso del Espectro, como un instrumento técnico orientado a rastrear, analizar y documentar de forma periódica las me",,2026–2029,"IMT 5G bandas, Compartición flexible, Datos IA gobernanza, Vigilancia control, Internacional"
PMGE-010,PMGE20262030yAgendaRegulatoriaANEMar2026.pdf,Espectro para promover la conectividad satelital,Lineamientos Estratégicos para habilitar la conectividad satelital Direct-to-Device (D2D) en el país,"Alcance y justificación: Las redes no terrestres (Non-Terrestrial Networks – NTN), introducidas en el Release 15 del consorcio 3GPP y fortalecidas a partir del Release 17 en adelante, permiten complementar la cobertura de las redes terrestres mediante enlaces satelitales, manteniendo la interoperabilidad con estándares móviles internacionales. En este contexto, el despliegue de grandes constelaciones satelitales en órbitas LEO y VLEO ha impulsado el desarrollo de soluciones de conectividad Direct-to-Device (D2D) que permiten enlazar directamente un terminal móvil (smartphone) a la constelación satelital, para lo cual se requiere un análisis específico sobre el acceso, uso y la gestión del espectro radioeléctrico. Así mismo, a nivel mundial los reguladores reconocen el rol fundamental que tendrán los satélites en la extensión de la conectividad a zonas desatendidas y por ello se adelantan",,2027,"IMT 5G bandas, Satelital NTN D2D, Datos IA gobernanza, Vigilancia control, Internacional"
PMGE-011,PMGE20262030yAgendaRegulatoriaANEMar2026.pdf,Espectro para promover la conectividad satelital,Evaluación de la implementación de la Resolución MinTIC 376 de 2022,"Alcance y justificación: La Resolución MinTIC 376 de 2022 introdujo una reforma estructural al régimen aplicable al uso del espectro radioeléctrico asociado a los servicios de radiocomunicaciones por satélite en Colombia, sustituyendo el esquema previo fundamentado en el registro de proveedores de capacidad satelital y el cálculo de contraprestación en función del ancho de banda, por un modelo convergente basado en permisos de uso del espectro para estaciones terrenas y en parámetros técnicos asociados a cada tipo de estación. Este nuevo régimen, alineado con la habilitación general prevista en la Ley 1341 de 2009, fija valores de contraprestación económica vinculados a factores como la banda de frecuencia y la potencia isotrópica radiada equivalente de las estaciones terrenas, en lugar de centrarse exclusivamente en medidas de ancho de banda. En este contexto, resulta pertinente complet",,2022,"Satelital NTN D2D, Datos IA gobernanza"
PMGE-012,PMGE20262030yAgendaRegulatoriaANEMar2026.pdf,Espectro para promover la conectividad satelital,Estudio para el aprovechamiento de soluciones satelitales en aplicaciones estratégicas,"Alcance y justificación: En el marco de la Política Nacional de Reindustrialización adoptada mediante el Documento CONPES 4129 de 2023, el Estado colombiano ha identificado la necesidad de fortalecer la infraestructura digital y de aprovechar tecnologías emergentes como habilitadores del desarrollo productivo, la competitividad territorial y la transformación tecnológica del país. En este contexto, el CONPES reconoce el potencial de las soluciones satelitales para ampliar el acceso a Internet, apoyar actividades de radiodifusión, observación de la Tierra y navegación, y atender una diversidad de aplicaciones de interés ambiental, productivo, social, gubernamental y de seguridad, particularmente en territorios con limitaciones estructurales de conectividad. Las soluciones satelitales constituyen un componente clave para complementar la infraestructura digital nacional y responder a las ne",,2023,"Satelital NTN D2D, Datos IA gobernanza"
PMGE-013,PMGE20262030yAgendaRegulatoriaANEMar2026.pdf,Espectro para promover la conectividad satelital,Estudio de necesidades de espectro para el desarrollo de aplicaciones del Servicio Fijo por Satélite (SFS) de banda ancha,"Alcance y justificación: El Servicio Fijo por Satélite (SFS) de banda ancha desempeña un papel relevante en la provisión de conectividad en zonas rurales, remotas y de difícil acceso, donde las infraestructuras terrestres presentan limitaciones técnicas o económicas. Tradicionalmente, estas redes se han soportado en sistemas satelitales geoestacionarios; sin embargo, la evolución tecnológica del sector ha dado lugar a nuevas arquitecturas satelitales de alta capacidad que optimizan el uso del espectro y amplían las capacidades de transmisión de datos. En particular, el despliegue de constelaciones satelitales en órbitas bajas (LEO) ha introducido cambios significativos en las características técnicas del SFS de banda ancha, al habilitar mayores velocidades de transmisión y menores latencias, comparables con las de las redes terrestres. Estas capacidades incrementan la demanda de espectro",,2023,"Satelital NTN D2D, Datos IA gobernanza, Internacional"
PMGE-014,PMGE20262030yAgendaRegulatoriaANEMar2026.pdf,Espectro para promover la conectividad satelital,Insumo para la definición de la Estrategia Nacional para la explotación y gestión del Recurso Órbita Espectro (ROE) en Colombia,"Alcance y justificación: En el marco de la Política Pública de Gestión del Espectro Radioeléctrico 2026-2029, el ROE se identifica como un eje clave para promover la oferta de servicios satelitales (Objetivo Específico 5), buscando fortalecer las capacidades nacionales en la gestión de posiciones orbitales bajo los procedimientos de la Unión Internacional de Telecomunicaciones (UIT). De igual manera, la ANE ha clasificado el ROE como un ""Tema Prioritario"" debido a la necesidad de evaluar proyectos de explotación desde dimensiones técnica la ANE ha clasificado el ROE como un ""Tema Prioritario"" debido a la necesidad de evaluar proyectos de explotación desde dimensiones técnica, regulatorias y económicas. Por lo anterior, se hace necesario adelantar un análisis integral que aborde el fortalecimiento de los procedimientos de notificación y coordinación de redes satelitales ante la UIT, aplic",,2026-2029,"Satelital NTN D2D, Datos IA gobernanza, Internacional"
PMGE-015,PMGE20262030yAgendaRegulatoriaANEMar2026.pdf,Disponibilidad de espectro,Investigación sobre la convivencia técnica de redes IMT en la banda de 7/8 GHz como preparación a la CMR 27,"Alcance y justificación: El punto 1.7 del orden del día de la CMR-27 contempla la realización de estudios de compartición y compatibilidad para evaluar la utilización de las IMT en las bandas de frecuencias 4.400–4.800 MHz, 7.125–8.400 MHz y 14,8–15,35 GHz, teniendo en cuenta la protección de los servicios primarios existentes y de las bandas adyacentes, de conformidad con la Resolución 256 (CMR-23). Estos estudios resultan fundamentales para sustentar, desde el punto de vista técnico, cualquier eventual armonización o identificación de bandas para IMT y para garantizar la coexistencia entre sistemas de radiocomunicaciones, en un contexto de planificación eficiente del espectro y de evolución hacia nuevas generaciones de tecnologías móviles, como IMT-2030. Así, con el fin de apoyar la preparación de la posición de Colombia frente al punto 1.7 de la agenda de la CMR-27, el presente proyec",,2030,"IMT 5G bandas, Satelital NTN D2D, Compartición flexible, Datos IA gobernanza, Internacional"
PMGE-016,PMGE20262030yAgendaRegulatoriaANEMar2026.pdf,Espectro para promover la conectividad satelital,Consolidación de análisis técnicos para la definición de la posición de Colombia en la Conferencia Mundial de Radiocomunicaciones 2027 (CMR-27),"Alcance y justificación: En el marco de las funciones asignadas a la ANE por la Ley 1341 de 2009, modificada por la Ley 1978 de 2019, apoya al MinTIC en la identificación y análisis de tendencias internacionales en la gestión del espectro radioeléctrico, así como en la preparación técnica de la participación de Colombia en los foros internacionales especializados en esta materia. Página 54 de 70 Agencia Nacional del Espectro Dirección: Calle 93 # 17-45 Piso 4. Bogotá D.C. Teléfono conmutador: (+57) 60 (1) 6000030 Correo Institucional: contactenos@ane.gov.co La Conferencia Mundial de Radiocomunicaciones (CMR), organizada por la Unión Internacional de Telecomunicaciones (UIT), constituye el principal espacio internacional para examinar y, cuando corresponda, modificar el Reglamento de Radiocomunicaciones (RR), instrumento que rige el uso del espectro radioeléctrico y de las órbitas satelit",,2009,"Satelital NTN D2D, Datos IA gobernanza, Internacional"
PMGE-017,PMGE20262030yAgendaRegulatoriaANEMar2026.pdf,Disponibilidad de espectro,Análisis de alternativas inalámbricas para la mitigación de brechas de cobertura derivadas del cese de emisiones analógicas de televisión,"Alcance y justificación: En el marco del cese de emisiones analógicas de televisión, de conformidad con lo establecido en la Resolución MinTIC 4672 de 2022 y en el Plan General de Cese de Emisiones Analógicas (PGCEA), expedido por el Ministerio de Tecnologías de la Información y las Comunicaciones (MinTIC) en 2023 y actualmente en proceso de actualización, se identifica la necesidad de actualizar, consolidar y documentar la caracterización municipal de la cobertura digital de la televisión radiodifundida. Este ejercicio incorporará la cobertura alcanzada y proyectada por RTVC, de acuerdo con las fases de implementación de la Televisión Página 55 de 70 Agencia Nacional del Espectro Dirección: Calle 93 # 17-45 Piso 4. Bogotá D.C. Teléfono conmutador: (+57) 60 (1) 6000030 Correo Institucional: contactenos@ane.gov.co Digital Terrestre (TDT) pública, con el propósito de identificar, con crite",,2022,Datos IA gobernanza
PMGE-018,PMGE20262030yAgendaRegulatoriaANEMar2026.pdf,Disponibilidad de espectro,Estudio comparado para el diseño y fortalecimiento de las telecomunicaciones de emergencia en Colombia,"Alcance y justificación: Las telecomunicaciones de emergencia cumplen un rol crítico en la atención de situaciones que requieren una respuesta inmediata5 y coordinada por parte de las autoridades, tales como desastres naturales, emergencias de gran magnitud y operaciones de socorro. En estos escenarios, la disponibilidad del espectro radioeléctrico y la interoperabilidad de 5 “Marco institucional de las telecomunicaciones de emergencia”, Capitulo II, Manual de Telecomunicaciones de emergencia UIT. Página 56 de 70 Agencia Nacional del Espectro Dirección: Calle 93 # 17-45 Piso 4. Bogotá D.C. Teléfono conmutador: (+57) 60 (1) 6000030 Correo Institucional: contactenos@ane.gov.co los sistemas de comunicación resultan determinantes para garantizar el intercambio oportuno, confiable y continuo de información entre las entidades responsables, especialmente en contextos en los que las redes públi",,2015,"Datos IA gobernanza, Internacional"
PMGE-019,PMGE20262030yAgendaRegulatoriaANEMar2026.pdf,Disponibilidad de espectro,Formulación de la estrategia de gobernanza de datos y modernización digital de la gestión del espectro,"Alcance y justificación: La gestión eficiente del ciclo de vida de la gestión de espectro radioeléctrico requiere contar con capacidades y herramientas digitales tales como arquitecturas de información y esquemas de gobernanza de datos que permitan integrar, procesar y analizar de Página 57 de 70 Agencia Nacional del Espectro Dirección: Calle 93 # 17-45 Piso 4. Bogotá D.C. Teléfono conmutador: (+57) 60 (1) 6000030 Correo Institucional: contactenos@ane.gov.co manera oportuna y eficiente la información generada a lo largo de las distintas etapas del ciclo de gestión del espectro, incluyendo la planeación, asignación, vigilancia, control, evaluación y prospectiva. En este sentido, el fortalecimiento de las capacidades permite crear una infraestructura digital y establecer mecanismos de gobernanza de datos, los cuales se convierten en un habilitante transversal para la toma de decisiones bas",,2026–2029,"Compartición flexible, Datos IA gobernanza, Vigilancia control, Internacional"
