activity_id,policy_name,instrument_name,policy_axis,activity_name,activity_description,responsible_area,execution_period,keywords
ACT-001,Estrategia Nacional Digital 2023 - 2026,Estrategia Nacional Digital 2023 - 2026,Promover la asignación y uso eficiente del espectro radioeléctrico para maximizar el bienestar social,"Asignar el espectro y promover su uso eficiente de forma oportuna, especialmente para la tecnología 5G, a través de esquemas de selección objetiva y condiciones que maximicen el bienestar social y la compartición de este recurso.",Promover la asignación y uso eficiente del espectro radioeléctrico para maximizar el bienestar social,,2023 - 2026,"IMT 5G bandas, Compartición flexible, Datos IA gobernanza"
ACT-002,Estrategia Nacional Digital 2023 - 2026,Estrategia Nacional Digital 2023 - 2026,Promover la asignación y uso eficiente del espectro radioeléctrico para maximizar el bienestar social,"Establecer condiciones reglamentarias diferenciales a nivel local, regional y/o para casos de uso en la asignación de los permisos de uso del espectro radioeléctrico”",Promover la asignación y uso eficiente del espectro radioeléctrico para maximizar el bienestar social,,2023 - 2026,Datos IA gobernanza
ACT-003,Plan Integral de Expansión de Conectividad Digital,Plan Integral de Expansión de Conectividad Digital,"Definición de un régimen normativo diferencial con enfoque estructural para comunidades organizadas de conectividad y para proveedores del servicio de Internet que tengan menos de 30.000 usuarios, en zonas rurales, apartadas, de difícil acceso.","Posibilidad de asignación de espectro a través de procesos de selección objetiva simplificados: Identificar por parte de la ANE y el MinTIC, bandas susceptibles de ser asignadas a PRST y revisar esquemas de asignación simplificados mediante procesos de selección objetiva. -El Ministerio TIC deberá reglamentar los procedimientos, incluyendo reglas de desempate en caso de que se presente.","Definición de un régimen normativo diferencial con enfoque estructural para comunidades organizadas de conectividad y para proveedores del servicio de Internet que tengan menos de 30.000 usuarios, en zonas rurales, apartadas, de difícil acceso.",,2024 - 2026,Datos IA gobernanza
ACT-004,Plan Integral de Expansión de Conectividad Digital,Plan Integral de Expansión de Conectividad Digital,promover e implementar medidas conducentes a la gestión eficiente del espectro radioeléctrico para promover soluciones de conectividad.,"Implementación de un observatorio de valoración del espectro radioeléctrico: Hacer un seguimiento más detallado al comportamiento de los precios de espectro a nivel internacional, que sea insumo para la estimación de los valores asociados a los permisos de uso de espectro, con un enfoque de maximización del bienestar social",promover e implementar medidas conducentes a la gestión eficiente del espectro radioeléctrico para promover soluciones de conectividad.,,2024-2033,"Datos IA gobernanza, Internacional"
ACT-005,Plan Integral de Expansión de Conectividad Digital,Plan Integral de Expansión de Conectividad Digital,promover e implementar medidas conducentes a la gestión eficiente del espectro radioeléctrico para promover soluciones de conectividad.,"Evaluar la posibilidad de asignación de espectro radioeléctrico para redes comunitarias e ISP: Identificar bandas de espectro susceptibles de ser asignadas a redes comunitarias e ISP
Evaluar la posibilidad de emitir la normatividad necesaria para que estos agentes puedan acceder al recurso escaso, bajo esquemas simplificados",promover e implementar medidas conducentes a la gestión eficiente del espectro radioeléctrico para promover soluciones de conectividad.,,2024-2033,Datos IA gobernanza
ACT-006,Plan Integral de Expansión de Conectividad Digital,Plan Integral de Expansión de Conectividad Digital,promover e implementar medidas conducentes a la gestión eficiente del espectro radioeléctrico para promover soluciones de conectividad.,"Analizar escenarios de promoción de soluciones eficientes de conectividad satelital para reducir la brecha digital en zonas apartadas, tales como mecanismos de agregación de demanda de capacidad satelital: Definir mecanismos y soluciones de conectividad satelital y actualizar, de ser necesario, el régimen satelital para promover una mayor oferta de diferentes soluciones satelitales de conectividad a través de diversas modalidades de prestación del servicio",promover e implementar medidas conducentes a la gestión eficiente del espectro radioeléctrico para promover soluciones de conectividad.,,2024-2033,"Satelital NTN D2D, Datos IA gobernanza"
ACT-007,Plan Integral de Expansión de Conectividad Digital,Plan Integral de Expansión de Conectividad Digital,promover e implementar medidas conducentes a la gestión eficiente del espectro radioeléctrico para promover soluciones de conectividad.,"Adoptar las medidas legales necesarias para promover la implementación de mecanismos flexibles e innovadores de acceso al espectro radioeléctrico (mercados secundarios de espectro): Implementar en forma integral los mercados secundarios de espectro radioeléctrico, en línea con las mejores prácticas internacionales.",promover e implementar medidas conducentes a la gestión eficiente del espectro radioeléctrico para promover soluciones de conectividad.,,2024-2033,"Compartición flexible, Datos IA gobernanza, Internacional"
ACT-008,Política Nacional de Inteligencia Artificial (IA) – CONPES 4144,Política Nacional de Inteligencia Artificial (IA) – CONPES 4144,Fortalecer las condiciones de conectividad a Internet a nivel nacional y regional para impulsar el ecosistema de IA en el país,"MinTIC con apoyo de la ANE y CRC, definirá instrumentos normativos o desarrollará iniciativas que permitan establecer: 
(i) condiciones técnicas de uso de frecuencias; 
(ii) contraprestaciones económicas por uso del espectro radioeléctrico; 
(iii) procedimientos de selección objetiva para otorgar permisos de uso espectro radioeléctrico; y 
(iv) condiciones regulatorias diferenciales de forma que se impulse el desarrollo de aplicaciones de IA para internet de las cosas (IoT) y redes privadas, entre otros.",Fortalecer las condiciones de conectividad a Internet a nivel nacional y regional para impulsar el ecosistema de IA en el país,,2025 - 2027,"Redes privadas, Datos IA gobernanza"
ACT-009,Política Nacional de Inteligencia Artificial (IA) – CONPES 4144,Política Nacional de Inteligencia Artificial (IA) – CONPES 4144,Fortalecer las condiciones de conectividad a Internet a nivel nacional y regional para impulsar el ecosistema de IA en el país,"MINTIC con apoyo de la ANE y CRC, definirá instrumentos normativos o desarrollarán iniciativas que permitan establecer condiciones técnicas para el uso de bandas de frecuencias en la prestación de servicio de banda ancha inalámbrica. Para esto se considerará, entre otros tipos de uso, el acceso fijo inalámbrico, redes punto multipunto y nuevas tecnologías satelitales, los cuales habilitan las condiciones de acceso a internet para el uso y desarrollo de nuevas tecnologías, dentro de las cuales se encuentran los sistemas de IA en los municipios, áreas no municipalizadas y zonas rurales o apartadas.",Fortalecer las condiciones de conectividad a Internet a nivel nacional y regional para impulsar el ecosistema de IA en el país,,2025 - 2027,"Satelital NTN D2D, Datos IA gobernanza"
ACT-010,Política Nacional de Inteligencia Artificial (IA) – CONPES 4144,Política Nacional de Inteligencia Artificial (IA) – CONPES 4144,Fortalecer las condiciones de conectividad a Internet a nivel nacional y regional para impulsar el ecosistema de IA en el país,"La Agencia Nacional del Espectro, y el Ministerio de Tecnologías de la Información y las Comunicaciones elaborarán un estudio para identificar necesidades de espectro para aplicaciones de IA que requieran conectividad inalámbrica, considerando tanto las redes de acceso y redes de transporte de datos. Así mismo, y teniendo en cuenta la optimización de la gestión del espectro, se propondrán los procedimientos de asignación de espectro oportunos y ágiles, y metodología de las contraprestaciones por su uso",Fortalecer las condiciones de conectividad a Internet a nivel nacional y regional para impulsar el ecosistema de IA en el país,,2025 - 2026,Datos IA gobernanza
ACT-011,Política Nacional de Inteligencia Artificial (IA) – CONPES 4144,Política Nacional de Inteligencia Artificial (IA) – CONPES 4144,Fortalecer las condiciones de conectividad a Internet a nivel nacional y regional para impulsar el ecosistema de IA en el país,"Entre el 2026 y 2027, la ANE diseñará y socializará los modelos prospectivos de uso de espectro por zonas del país para las bandas de frecuencia para el servicio radioeléctrico fijo, móvil y bandas para IMT (Telecomunicaciones Móviles Internacionales por sus siglas en inglés), de acuerdo con la proyección de demanda de capacidad de datos para redes de transporte, incluyendo sistemas de backhaul integrado, entre otros; que habilite el camino para el despliegue de 6G.",Fortalecer las condiciones de conectividad a Internet a nivel nacional y regional para impulsar el ecosistema de IA en el país,,2026 - 2027,"IMT 5G bandas, Datos IA gobernanza, Internacional"
ACT-012,Política Nacional de Inteligencia Artificial (IA) – CONPES 4144,Política Nacional de Inteligencia Artificial (IA) – CONPES 4144,Fortalecer las condiciones de conectividad a Internet a nivel nacional y regional para impulsar el ecosistema de IA en el país,"El MinTIC, definirá un instrumento normativo para que los PRST que tienen a su cargo las contraprestaciones por el uso del espectro diferente a IMT, puedan presentar proyectos de obligaciones de hacer para la prestación del servicio de acceso a internet (fijo o móvil) para proveer o mejorar la capacidad y calidad del servicio de Internet como habilitador e impulso del uso y adopción de sistemas de IA.",Fortalecer las condiciones de conectividad a Internet a nivel nacional y regional para impulsar el ecosistema de IA en el país,,2025,"IMT 5G bandas, Datos IA gobernanza"
ACT-013,Política Nacional de Inteligencia Artificial (IA) – CONPES 4144,Política Nacional de Inteligencia Artificial (IA) – CONPES 4144,Fortalecer las condiciones de conectividad a Internet a nivel nacional y regional para impulsar el ecosistema de IA en el país,"El MinTIC, con el apoyo de la ANE y el DNP, incluirá en el sistema de información del Sector TIC y dentro del portal de estadísticas del sector TIC, un informe periódico relacionado con la asignación del Espectro Radioeléctrico en Colombia, que podría incluir entre otros: permisos de uso de espectro tanto IMT como no IMT (Servicios radioeléctricos fijo, móvil, satelital, radiodifusión sonora y televisión), con el fin de orientar la toma de decisiones y acciones para permitir el uso del espectro como un habilitador de nuevas tecnologías digitales, entre ellas la Inteligencia Artificial (IA).",Fortalecer las condiciones de conectividad a Internet a nivel nacional y regional para impulsar el ecosistema de IA en el país,,2025 - 2026,"IMT 5G bandas, Satelital NTN D2D, Datos IA gobernanza"
ACT-014,Política de espectro 2025 - 2028,Política de espectro 2025 - 2028,6.1 Fortalecer la identificación y estimación de demanda de espectro (Disponibilidad para usos a futuro),"Determinar e implementar las acciones requeridas para la adecuada gestión de bandas de frecuencias que fueron identificadas en la CMR23 y aquellas por identificar en la CMR27, a través de la realización de los estudios técnicos necesarios, que consideren criterios como la manifestación de necesidades por parte de grupos de interés, la asignación existente y mediciones en campo, entre otros.",6.1 Fortalecer la identificación y estimación de demanda de espectro (Disponibilidad para usos a futuro),,2025-2027,"Datos IA gobernanza, Internacional"
ACT-015,Política de espectro 2025 - 2028,Política de espectro 2025 - 2028,6.1 Fortalecer la identificación y estimación de demanda de espectro (Disponibilidad para usos a futuro),"Se fortalecerán los modelos de demanda de espectro con que cuenta en la actualidad la ANE para proyectar las necesidades de espectro IMT, redes de backhaul y espectro de uso no licenciado. Para esto, se adelantará una revisión integral de los tres modelos que considere la reformulación de las variables y supuestos utilizados, así como las tendencias en el uso del espectro para cada uno de los modelos existentes.",6.1 Fortalecer la identificación y estimación de demanda de espectro (Disponibilidad para usos a futuro),,2025-2027,"6 GHz Wi-Fi uso libre, IMT 5G bandas, Datos IA gobernanza"
ACT-016,Política de espectro 2025 - 2028,Política de espectro 2025 - 2028,6.1 Fortalecer la identificación y estimación de demanda de espectro (Disponibilidad para usos a futuro),"Adoptar una hoja de ruta que visibilice la disponibilidad y posible asignación de espectro para servicios móviles (IMT), que se actualizará periódicamente.",6.1 Fortalecer la identificación y estimación de demanda de espectro (Disponibilidad para usos a futuro),,2025 - 2027,IMT 5G bandas
ACT-017,Política de espectro 2025 - 2028,Política de espectro 2025 - 2028,6.1 Fortalecer la identificación y estimación de demanda de espectro (Disponibilidad para usos a futuro),Analizar de forma detallada las tecnologías disponibles para soportar la implementación de soluciones inalámbricas de conectividad en zonas rurales y apartadas.,6.1 Fortalecer la identificación y estimación de demanda de espectro (Disponibilidad para usos a futuro),,2025 -2026,Datos IA gobernanza
ACT-018,Política de espectro 2025 - 2028,Política de espectro 2025 - 2028,6.1 Fortalecer la identificación y estimación de demanda de espectro (Disponibilidad para usos a futuro),Definir la necesidad de contar con estimaciones de demanda para otros servicios de comunicaciones adicionales a los caracterizados con los tres modelos de demanda con que cuenta la ANE.,6.1 Fortalecer la identificación y estimación de demanda de espectro (Disponibilidad para usos a futuro),,No definida,"política, espectro, 2025, 2028, fortalecer, identificación, estimación, demanda"
ACT-019,Política de espectro 2025 - 2028,Política de espectro 2025 - 2028,6.2 Profundizar en la gestión del espectro para soportar actividades públicas,"Se instalará una mesa de trabajo con entidades públicas que hagan uso de servicios de comunicaciones inalámbricas para sus actividades y que presten servicios públicos como educación, seguridad, transporte, servicios públicos domiciliarios, etc.",6.2 Profundizar en la gestión del espectro para soportar actividades públicas,,2026,Datos IA gobernanza
ACT-020,Política de espectro 2025 - 2028,Política de espectro 2025 - 2028,6.2 Profundizar en la gestión del espectro para soportar actividades públicas,"Con base en el trabajo adelantado con la Aeronáutica Civil y la Dirección Marítima previo a la expedición de esta política pública, se establecerán e implementarán los mecanismos adecuados que sean requeridos para la gestión conjunta del espectro con dichas entidades",6.2 Profundizar en la gestión del espectro para soportar actividades públicas,,2026,"política, espectro, 2025, 2028, profundizar, gestión, para, soportar"
ACT-021,Política de espectro 2025 - 2028,Política de espectro 2025 - 2028,6.3 Innovación en la gestión y uso del espectro,"Se implementará un observatorio de mecanismos flexibles de acceso y uso del espectro en el cual se haga seguimiento a mejores prácticas observadas en otros países, así como a casos prácticos de implementación",6.3 Innovación en la gestión y uso del espectro,,2025 - 2026,Compartición flexible
ACT-022,Política de espectro 2025 - 2028,Política de espectro 2025 - 2028,6.3 Innovación en la gestión y uso del espectro,"Formulación de una estrategia en la que la ANE y el MinTIC, promuevan la identificación de posibles casos de uso con diferentes grupos de interés, públicos y privados, junto con quienes se identificarán los mecanismos regulatorios innovadores aplicables a distintos tipos de necesidades asociadas con el acceso al espectro por parte de dichos actores",6.3 Innovación en la gestión y uso del espectro,,2026,Datos IA gobernanza
ACT-023,Política de espectro 2025 - 2028,Política de espectro 2025 - 2028,6.3 Innovación en la gestión y uso del espectro,"Se realizará un estudio del marco constitucional y legal existente en Colombia, con el fin de determinar posibles ajustes requeridos para viabilizar los mercados secundarios de espectro",6.3 Innovación en la gestión y uso del espectro,,2026 -2027,Datos IA gobernanza
ACT-024,Política de espectro 2025 - 2028,Política de espectro 2025 - 2028,6.3 Innovación en la gestión y uso del espectro,"Se adelantará una revisión de mecanismos de asignación que provean a los PRST, operadores, concesionarios y licenciatarios una mayor flexibilidad en el acceso y uso del espectro en el sentido de promover un uso más intensivo del mismo, simplificar las condiciones y obligaciones asociadas con los permisos para ciertos tipos de usos, así como la posibilidad de asignar frecuencias en zonas de distinto alcance geográfico (licenciamiento ligero, simplificación de requisitos, asignación local y regional).",6.3 Innovación en la gestión y uso del espectro,,2027,Datos IA gobernanza
ACT-025,Política de espectro 2025 - 2028,Política de espectro 2025 - 2028,6.4 Promover una mayor oferta de servicios y aplicaciones soportados en tecnologías satelitales,"El MinTIC, con el apoyo de la ANE, definirá una estrategia que promueva el uso de soluciones satelitales para facilitar el acceso a Internet, la prestación de servicios de radiodifusión por satélite, así como aplicaciones y usos de observación de la Tierra por satélite y la navegación, con base en las necesidades de este tipo de usos a nivel nacional",6.4 Promover una mayor oferta de servicios y aplicaciones soportados en tecnologías satelitales,,2025,"Satelital NTN D2D, Datos IA gobernanza"
ACT-026,Política de espectro 2025 - 2028,Política de espectro 2025 - 2028,6.4 Promover una mayor oferta de servicios y aplicaciones soportados en tecnologías satelitales,"El MinTIC, con el apoyo de la ANE, fortalecerá el proceso de gestión del Recurso Órbita Espectro (ROE), y se desarrollarán capacidades internas en ambas entidades, para realizar una efectiva coordinación del ROE colombiano vigente ante la UIT, y la posible necesidad de solicitar ROE adicional para atender las necesidades nacionales a futuro.",6.4 Promover una mayor oferta de servicios y aplicaciones soportados en tecnologías satelitales,,2025 - 2028,"Satelital NTN D2D, Datos IA gobernanza, Internacional"
ACT-027,Política de espectro 2025 - 2028,Política de espectro 2025 - 2028,6.4 Promover una mayor oferta de servicios y aplicaciones soportados en tecnologías satelitales,"El MinTIC, con el apoyo de la ANE, realizará una evaluación de impacto de la implementación de la Resolución MinTIC 376 de 2022, y de encontrarse pertinente realizará las modificaciones que se requieran en el régimen contenido en dicha norma.",6.4 Promover una mayor oferta de servicios y aplicaciones soportados en tecnologías satelitales,,2026,"Satelital NTN D2D, Datos IA gobernanza"
ACT-028,Política de espectro 2025 - 2028,Política de espectro 2025 - 2028,6.4 Promover una mayor oferta de servicios y aplicaciones soportados en tecnologías satelitales,El MinTIC y la ANE formularán una estrategia de participación activa del país en los esfuerzos internacionales tendientes a establecer los criterios técnicos para la utilización del componente satelital de las IMT a través de soluciones Direct-to-Device (D2D).,6.4 Promover una mayor oferta de servicios y aplicaciones soportados en tecnologías satelitales,,2025,"IMT 5G bandas, Satelital NTN D2D, Datos IA gobernanza, Internacional"
ACT-029,Política de espectro 2025 - 2028,Política de espectro 2025 - 2028,"6.5 Fortalecer las capacidades de vigilancia, inspección y control para promover el uso efectivo y eficiente del espectro","Las Subdirecciones de Gestión y Planeación y de Vigilancia y Control de la ANE, definirán los mecanismos de coordinación interna para alinear las actividades de vigilancia e inspección con las necesidades de información relevante sobre el uso del espectro para otras etapas de la gestión de este recurso.","6.5 Fortalecer las capacidades de vigilancia, inspección y control para promover el uso efectivo y eficiente del espectro",,2025,"Datos IA gobernanza, Vigilancia control"
ACT-030,Política de espectro 2025 - 2028,Política de espectro 2025 - 2028,"6.5 Fortalecer las capacidades de vigilancia, inspección y control para promover el uso efectivo y eficiente del espectro","Se definirán los productos de datos que soporten las necesidades recurrentes de información para la formulación y elaboración anual del Plan Maestro de Gestión de Espectro (PMGE), los análisis requeridos en la preparación y definición de posiciones de país de acuerdo con la priorización de puntos de agenda para el ciclo de estudios de la CMR-27, la evaluación de mecanismos de compartición de espectro que se consideren necesarios en el marco de las actividades del observatorio de mecanismos flexibles y las demás actividades de gestión de espectro.","6.5 Fortalecer las capacidades de vigilancia, inspección y control para promover el uso efectivo y eficiente del espectro",,2025,"Compartición flexible, Datos IA gobernanza, Vigilancia control, Internacional"
ACT-031,Política de espectro 2025 - 2028,Política de espectro 2025 - 2028,"6.5 Fortalecer las capacidades de vigilancia, inspección y control para promover el uso efectivo y eficiente del espectro","La ANE adelantará una revisión de experiencias y mejores prácticas internacionales para la vigilancia, inspección y control del espectro, con base en la cual se formularán las adiciones, modificaciones o mejoras requeridas en el Modelo de Vigilancia y Control de la entidad en línea con los lineamientos definidos en esta política, y con un enfoque de gestión de riesgos.","6.5 Fortalecer las capacidades de vigilancia, inspección y control para promover el uso efectivo y eficiente del espectro",,2025-2026,"Datos IA gobernanza, Vigilancia control, Internacional"
ACT-032,Política de espectro 2025 - 2028,Política de espectro 2025 - 2028,"6.5 Fortalecer las capacidades de vigilancia, inspección y control para promover el uso efectivo y eficiente del espectro","Se identificará la necesidad de modernizar y/o fortalecer las herramientas con que cuenta la ANE para la inspección, vigilancia y control del espectro, así como de los sistemas de información utilizados para visualizar y procesar los datos recopilados a partir de la actividad de la ANE","6.5 Fortalecer las capacidades de vigilancia, inspección y control para promover el uso efectivo y eficiente del espectro",,2025-2026,"Datos IA gobernanza, Vigilancia control"
ACT-033,Política de espectro 2025 - 2028,Política de espectro 2025 - 2028,6.6 Integrar a Colombia de una manera más activa en las discusiones internacionales de la gestión de espectro y promover una mayor armonización del espectro,Formulación e implementación de una Estrategia de gestión internacional espectro que tenga en consideración las prioridades y objetivos de la gestión de espectro para Colombia.,6.6 Integrar a Colombia de una manera más activa en las discusiones internacionales de la gestión de espectro y promover una mayor armonización del espectro,,2025,"Datos IA gobernanza, Internacional"
ACT-034,Política de espectro 2025 - 2028,Política de espectro 2025 - 2028,6.6 Integrar a Colombia de una manera más activa en las discusiones internacionales de la gestión de espectro y promover una mayor armonización del espectro,"Definir e implementar una metodología de priorización de puntos de agenda de trabajo para las próximas CMRs, que atienda las necesidades estratégicas del país, los lineamientos legales y de política pública, y los planes vigentes en el sector.",6.6 Integrar a Colombia de una manera más activa en las discusiones internacionales de la gestión de espectro y promover una mayor armonización del espectro,,2027,"Datos IA gobernanza, Internacional"
ACT-035,Política de espectro 2025 - 2028,Política de espectro 2025 - 2028,6.6 Integrar a Colombia de una manera más activa en las discusiones internacionales de la gestión de espectro y promover una mayor armonización del espectro,"Se diseñará y adoptará un esquema de discusión y participación de grupos de interés relevantes. Dicha estructura tendrá en cuenta la priorización de puntos de la agenda de CMR-27 definida por la ANE, así como los demás temas que hagan parte de la estrategia de gestión internacional",6.6 Integrar a Colombia de una manera más activa en las discusiones internacionales de la gestión de espectro y promover una mayor armonización del espectro,,2027,"Datos IA gobernanza, Internacional"
ACT-036,Política de espectro 2025 - 2028,Política de espectro 2025 - 2028,6.6 Integrar a Colombia de una manera más activa en las discusiones internacionales de la gestión de espectro y promover una mayor armonización del espectro,Identificación de prioridades de coordinación internacional y la formulación de una hoja de ruta,6.6 Integrar a Colombia de una manera más activa en las discusiones internacionales de la gestión de espectro y promover una mayor armonización del espectro,,2025 -2027,"Datos IA gobernanza, Internacional"
ACT-037,Política de espectro 2025 - 2028,Política de espectro 2025 - 2028,6.7 Optimizar la gestión del espectro a través de la mejora continua e innovación en las tecnologías de la información que la soportan.,"Proponer ajustes a la arquitectura de TI que soporta la gestión de espectro, que considere el estado actual de evolución de las arquitecturas de tecnologías de la información con que cuenta la ANE y el MinTIC",6.7 Optimizar la gestión del espectro a través de la mejora continua e innovación en las tecnologías de la información que la soportan.,,2025-2027,"Datos IA gobernanza, Internacional"
ACT-038,Política de espectro 2025 - 2028,Política de espectro 2025 - 2028,6.7 Optimizar la gestión del espectro a través de la mejora continua e innovación en las tecnologías de la información que la soportan.,"la ANE y el MinTIC formularán conjuntamente, durante 2025, un plan de digitalización de procesos y herramientas que soportan la gestión de espectro con una visión de 5 años, en línea con los avances en la implementación del Sistema Único de Gestión de Espectro (SUGERE)",6.7 Optimizar la gestión del espectro a través de la mejora continua e innovación en las tecnologías de la información que la soportan.,,2025,Datos IA gobernanza
ACT-039,Política de espectro 2025 - 2028,Política de espectro 2025 - 2028,6.7 Optimizar la gestión del espectro a través de la mejora continua e innovación en las tecnologías de la información que la soportan.,"Se deberá formular e implementar una estrategia de gobernanza de datos para la gestión de espectro de manera conjunta entre la ANE y el MinTIC, enfocada en generar información relevante para la toma de decisiones en las diversas etapas de la gestión del espectro.",6.7 Optimizar la gestión del espectro a través de la mejora continua e innovación en las tecnologías de la información que la soportan.,,2026,Datos IA gobernanza
ACT-040,Política de espectro 2025 - 2028,Política de espectro 2025 - 2028,6.7 Optimizar la gestión del espectro a través de la mejora continua e innovación en las tecnologías de la información que la soportan.,La ANE y el MinTIC identificarán oportunidades de innovación en las herramientas de TI para la gestión de espectro e implementarán las soluciones más adecuadas para el cumplimiento de las actividades de dicha gestión.,6.7 Optimizar la gestión del espectro a través de la mejora continua e innovación en las tecnologías de la información que la soportan.,,2026,Datos IA gobernanza
ACT-041,Política de espectro 2025 - 2028,Política de espectro 2025 - 2028,"6.8 Hacer visible la importancia del espectro para la actividad del Estado, el sector privado y la ciudadanía",Se actualizará la caracterización de grupos de interés adelantada entre 2020 y 2021 con el fin de identificar la evolución de intereses y necesidades de cada uno de dichos grupos,"6.8 Hacer visible la importancia del espectro para la actividad del Estado, el sector privado y la ciudadanía",,2025,Datos IA gobernanza
ACT-042,Política de espectro 2025 - 2028,Política de espectro 2025 - 2028,"6.8 Hacer visible la importancia del espectro para la actividad del Estado, el sector privado y la ciudadanía",Se formulará e implementará la estructura del marco de colaboración y coordinación nacional para la gestión de espectro a partir del establecimiento de instancias de coordinación e interacción con los diversos grupos de interés.,"6.8 Hacer visible la importancia del espectro para la actividad del Estado, el sector privado y la ciudadanía",,No definida,Datos IA gobernanza
ACT-043,Política de espectro 2025 - 2028,Política de espectro 2025 - 2028,"6.8 Hacer visible la importancia del espectro para la actividad del Estado, el sector privado y la ciudadanía",Se diseñará una estrategia para visibilizar el impacto en términos de beneficios económicos y sociales de la gestión y uso del espectro.,"6.8 Hacer visible la importancia del espectro para la actividad del Estado, el sector privado y la ciudadanía",,2026,Datos IA gobernanza
ACT-044,Política de espectro 2025 - 2028,Política de espectro 2025 - 2028,"6.8 Hacer visible la importancia del espectro para la actividad del Estado, el sector privado y la ciudadanía","Se formulará un plan de relacionamiento y divulgación con grupos de interés sobre la importancia de la gestión del espectro, el impacto de esta actividad para el desarrollo económico y social y la relevancia de la integración activa del país en instancias internacionales.","6.8 Hacer visible la importancia del espectro para la actividad del Estado, el sector privado y la ciudadanía",,2026,"Datos IA gobernanza, Internacional"
ACT-045,Plan Estratégico ANE 2025-2028,Plan Estratégico ANE 2025-2028,OBJETIVO ESTRATEGICO 1:  Generar un entorno apropiado para la innovación en la gestión y en el uso del espectro,"OBJETIVOS ESPECIFICOS: 
1.1.	Generar y promover los espacios que faciliten esquemas innovadores para la gestión de espectro.

LINEAS DE ACCION:
1.1.1. Gestión del entorno a nivel nacional e internacional",OBJETIVO ESTRATEGICO 1:  Generar un entorno apropiado para la innovación en la gestión y en el uso del espectro,,2025-2028,"Datos IA gobernanza, Internacional"
ACT-046,Plan Estratégico ANE 2025-2028,Plan Estratégico ANE 2025-2028,OBJETIVO ESTRATEGICO 1:  Generar un entorno apropiado para la innovación en la gestión y en el uso del espectro,"OBJETIVOS ESPECIFICOS: 
1.1.	Generar y promover los espacios que faciliten esquemas innovadores para la gestión de espectro.

LINEAS DE ACCION:
1.1.2. Gestión de estrategias de I+DT+I con grupos de interés",OBJETIVO ESTRATEGICO 1:  Generar un entorno apropiado para la innovación en la gestión y en el uso del espectro,,2025-2028,Datos IA gobernanza
ACT-047,Plan Estratégico ANE 2025-2029,Plan Estratégico ANE 2025-2029,OBJETIVO ESTRATEGICO 1:  Generar un entorno apropiado para la innovación en la gestión y en el uso del espectro,"OBJETIVOS ESPECIFICOS: 
1.2. Desarrollar una cultura institucional de innovación

LINEAS DE ACCION:
1.2.1. Adopción de ambientes de TI para la innovación y el uso de tecnologías emergentes en la ANE",OBJETIVO ESTRATEGICO 1:  Generar un entorno apropiado para la innovación en la gestión y en el uso del espectro,,2025-2028,Datos IA gobernanza
ACT-048,Plan Estratégico ANE 2025-2029,Plan Estratégico ANE 2025-2029,OBJETIVO ESTRATEGICO 1:  Generar un entorno apropiado para la innovación en la gestión y en el uso del espectro,"OBJETIVOS ESPECIFICOS: 
1.2. Desarrollar una cultura institucional de innovación

LINEAS DE ACCION:
1.2.2. Adopción de procesos flexibles que faciliten la innovación",OBJETIVO ESTRATEGICO 1:  Generar un entorno apropiado para la innovación en la gestión y en el uso del espectro,,2025-2028,"Compartición flexible, Datos IA gobernanza"
ACT-049,Plan Estratégico ANE 2025-2029,Plan Estratégico ANE 2025-2029,OBJETIVO ESTRATEGICO 1:  Generar un entorno apropiado para la innovación en la gestión y en el uso del espectro,"OBJETIVOS ESPECIFICOS: 
1.2. Desarrollar una cultura institucional de innovación

LINEAS DE ACCION:
1.2.3. Desarrollo de capacidades en innovación (valores, habilidades, estimulo de creatividad e innovación y estilos de dirección y liderazgo organizacionales)",OBJETIVO ESTRATEGICO 1:  Generar un entorno apropiado para la innovación en la gestión y en el uso del espectro,,2025-2028,Datos IA gobernanza
ACT-050,Plan Estratégico ANE 2025-2030,Plan Estratégico ANE 2025-2030,"OBJETIVO ESTRATEGICO 3: Visibilizar el impacto de la gestión del espectro en la actividad del Estado, el sector privado y la ciudadanía","OBJETIVOS ESPECIFICOS: 
3.1. Determinar el impacto de la gestión del espectro en la actividad del Estado, el sector privado y la ciudadanía

LINEAS DE ACCION:
3.1.1. Diseño de modelos de evaluación de impactos de la gestión y uso del espectro (económico, social, ambiental)","OBJETIVO ESTRATEGICO 3: Visibilizar el impacto de la gestión del espectro en la actividad del Estado, el sector privado y la ciudadanía",,2025-2028,Datos IA gobernanza
ACT-051,Plan Estratégico ANE 2025-2030,Plan Estratégico ANE 2025-2030,"OBJETIVO ESTRATEGICO 3: Visibilizar el impacto de la gestión del espectro en la actividad del Estado, el sector privado y la ciudadanía","OBJETIVOS ESPECIFICOS: 
3.1. Determinar el impacto de la gestión del espectro en la actividad del Estado, el sector privado y la ciudadanía

LINEAS DE ACCION:
3.1.2. Desarrollo de estrategias y líneas de intervención para visibilizar el impacto de la gestión y uso del espectro","OBJETIVO ESTRATEGICO 3: Visibilizar el impacto de la gestión del espectro en la actividad del Estado, el sector privado y la ciudadanía",,2025-2028,Datos IA gobernanza
ACT-052,Plan Estratégico ANE 2025-2031,Plan Estratégico ANE 2025-2031,"OBJETIVO ESTRATEGICO 3: Visibilizar el impacto de la gestión del espectro en la actividad del Estado, el sector privado y la ciudadanía","OBJETIVOS ESPECIFICOS: 
3.2. Disponer de estrategias de relacionamiento adecuadas para los grupos de interés

LINEAS DE ACCION:
3.2.1. Caracterización de los grupos de interés de la ANE y desarrollo de estrategias para su atención y relacionamiento","OBJETIVO ESTRATEGICO 3: Visibilizar el impacto de la gestión del espectro en la actividad del Estado, el sector privado y la ciudadanía",,2025-2028,Datos IA gobernanza
ACT-053,Plan Estratégico ANE 2025-2031,Plan Estratégico ANE 2025-2031,"OBJETIVO ESTRATEGICO 3: Visibilizar el impacto de la gestión del espectro en la actividad del Estado, el sector privado y la ciudadanía","OBJETIVOS ESPECIFICOS: 
3.2. Disponer de estrategias de relacionamiento adecuadas para los grupos de interés

LINEAS DE ACCION:
3.2.2. Consolidación de estrategias frente a las necesidades y expectativas de los grupos de interés","OBJETIVO ESTRATEGICO 3: Visibilizar el impacto de la gestión del espectro en la actividad del Estado, el sector privado y la ciudadanía",,2025-2028,Datos IA gobernanza
ACT-054,PETIC 2025-2028 ANE,PETIC 2025-2028 ANE,No. 1: Generar un entorno apropiado para la innovación en la gestión y en el uso del espectro,"""Mejorar el proceso de gestión del espectro el cual desarrollan de manera colaborativa el MINTIC y la ANE y simplificar el trámite designación de espectro."" (Visor de Espectro)",No. 1: Generar un entorno apropiado para la innovación en la gestión y en el uso del espectro,,No definida,Datos IA gobernanza
ACT-055,PETIC 2025-2028 ANE,PETIC 2025-2028 ANE,No. 2: Contar con un modelo óptimo de operación para la ANE,"""Interoperabilidad, uso y apropiación usuarios externos."" (Plataforma Espacios en Blanco)",No. 2: Contar con un modelo óptimo de operación para la ANE,,No definida,Datos IA gobernanza
ACT-056,PETIC 2025-2028 ANE,PETIC 2025-2028 ANE,No. 2: Contar con un modelo óptimo de operación para la ANE,"""Integración de los diferentes portales de la entidad en una única sede electrónica de acuerdo con los lineamientos definidos por MinTIC y Gov.co."" (Visor de Espectro y CNABF)",No. 2: Contar con un modelo óptimo de operación para la ANE,,No definida,"petic, 2025-2028, contar, modelo, óptimo, operación, para, integración"
ACT-057,PETIC 2025-2028 ANE,PETIC 2025-2028 ANE,"No. 3: Visibilizar el impacto de la gestión del espectro en la actividad del Estado, el sector privado y la ciudadanía","""Extracción, transformación/calidad, carga de datos para análisis de estos."" (Analítica de datos aplicada a mediciones de espectro)","No. 3: Visibilizar el impacto de la gestión del espectro en la actividad del Estado, el sector privado y la ciudadanía",,No definida,Datos IA gobernanza
ACT-058,Política de espectro 2025 - 2028,Política de espectro 2025 - 2028,6.1 Fortalecer la identificación y estimación de demanda de espectro (Disponibilidad para usos a futuro),"Determinar e implementar las acciones requeridas para la adecuada gestión de bandas de frecuencias que fueron identificadas en la CMR23 y aquellas por identificar en la CMR27, a través de la realización de los estudios técnicos necesarios, que consideren criterios como la manifestación de necesidades por parte de grupos de interés, la asignación existente y mediciones en campo, entre otros.",6.1 Fortalecer la identificación y estimación de demanda de espectro (Disponibilidad para usos a futuro),,2025-2027,"Datos IA gobernanza, Internacional"
ACT-059,Política de espectro 2025 - 2028,Política de espectro 2025 - 2028,6.1	Línea de acción 1 – Fortalecer la identiﬁcación y estimación de demanda de espectro (Disponibilidad para usos a futuro) y optimizar el uso por parte de sistemas tradicionales,"Se fortalecerán los modelos de demanda de espectro con que cuenta en la actualidad la ANE para proyectar las necesidades de espectro IMT, redes de backhaul y espectro de uso no licenciado. Para esto, se adelantará una revisión integral de los tres modelos que considere la reformulación de las variables y supuestos utilizados, así como las tendencias en el uso del espectro para cada uno de los modelos existentes.",6.1	Línea de acción 1 – Fortalecer la identiﬁcación y estimación de demanda de espectro (Disponibilidad para usos a futuro) y optimizar el uso por parte de sistemas tradicionales,,2025-2027,"6 GHz Wi-Fi uso libre, IMT 5G bandas, Datos IA gobernanza"
ACT-060,Política de espectro 2025 - 2028,Política de espectro 2025 - 2028,6.1 Fortalecer la identificación y estimación de demanda de espectro (Disponibilidad para usos a futuro),"Adoptar una hoja de ruta que visibilice la disponibilidad y posible asignación de espectro para servicios móviles (IMT), que se actualizará periódicamente.",6.1 Fortalecer la identificación y estimación de demanda de espectro (Disponibilidad para usos a futuro),,2025 - 2027,IMT 5G bandas
ACT-061,Política de espectro 2025 - 2028,Política de espectro 2025 - 2028,6.1 Fortalecer la identificación y estimación de demanda de espectro (Disponibilidad para usos a futuro),Analizar de forma detallada las tecnologías disponibles para soportar la implementación de soluciones inalámbricas de conectividad en zonas rurales y apartadas.,6.1 Fortalecer la identificación y estimación de demanda de espectro (Disponibilidad para usos a futuro),,2025 -2026,Datos IA gobernanza
ACT-062,Política de espectro 2025 - 2028,Política de espectro 2025 - 2028,6.1 Fortalecer la identificación y estimación de demanda de espectro (Disponibilidad para usos a futuro),Definir la necesidad de contar con estimaciones de demanda para otros servicios de comunicaciones adicionales a los caracterizados con los tres modelos de demanda con que cuenta la ANE.,6.1 Fortalecer la identificación y estimación de demanda de espectro (Disponibilidad para usos a futuro),,2026-2027,"política, espectro, 2025, 2028, fortalecer, identificación, estimación, demanda"
ACT-063,Política de espectro 2025 - 2028,Política de espectro 2025 - 2028,6.2 Profundizar en la gestión del espectro para soportar actividades públicas,"Se instalará una mesa de trabajo con entidades públicas que hagan uso de servicios de comunicaciones inalámbricas para sus actividades y que presten servicios públicos como educación, seguridad, transporte, servicios públicos domiciliarios, etc.",6.2 Profundizar en la gestión del espectro para soportar actividades públicas,,2026,Datos IA gobernanza
ACT-064,Política de espectro 2025 - 2028,Política de espectro 2025 - 2028,6.2 Profundizar en la gestión del espectro para soportar actividades públicas,"Con base en el trabajo adelantado con la Aeronáutica Civil y la Dirección Marítima previo a la expedición de esta política pública, se establecerán e implementarán los mecanismos adecuados que sean requeridos para la gestión conjunta del espectro con dichas entidades",6.2 Profundizar en la gestión del espectro para soportar actividades públicas,,2026,"política, espectro, 2025, 2028, profundizar, gestión, para, soportar"
ACT-065,Política de espectro 2025 - 2028,Política de espectro 2025 - 2028,6.3 Innovación en la gestión y uso del espectro,"Se implementará un observatorio de mecanismos flexibles de acceso y uso del espectro en el cual se haga seguimiento a mejores prácticas observadas en otros países, así como a casos prácticos de implementación",6.3 Innovación en la gestión y uso del espectro,,2025 - 2026,Compartición flexible
ACT-066,Política de espectro 2025 - 2028,Política de espectro 2025 - 2028,6.3 Innovación en la gestión y uso del espectro,"Formulación de una estrategia en la que la ANE y el MinTIC, promuevan la identificación de posibles casos de uso con diferentes grupos de interés, públicos y privados, junto con quienes se identificarán los mecanismos regulatorios innovadores aplicables a distintos tipos de necesidades asociadas con el acceso al espectro por parte de dichos actores",6.3 Innovación en la gestión y uso del espectro,,2026,Datos IA gobernanza
ACT-067,Política de espectro 2025 - 2028,Política de espectro 2025 - 2028,6.3 Innovación en la gestión y uso del espectro,"Se realizará un estudio del marco constitucional y legal existente en Colombia, con el fin de determinar posibles ajustes requeridos para viabilizar los mercados secundarios de espectro",6.3 Innovación en la gestión y uso del espectro,,2026 -2027,Datos IA gobernanza
ACT-068,Política de espectro 2025 - 2028,Política de espectro 2025 - 2028,6.3 Innovación en la gestión y uso del espectro,"Se adelantará una revisión de mecanismos de asignación que provean a los PRST, operadores, concesionarios y licenciatarios una mayor flexibilidad en el acceso y uso del espectro en el sentido de promover un uso más intensivo del mismo, simplificar las condiciones y obligaciones asociadas con los permisos para ciertos tipos de usos, así como la posibilidad de asignar frecuencias en zonas de distinto alcance geográfico (licenciamiento ligero, simplificación de requisitos, asignación local y regional).",6.3 Innovación en la gestión y uso del espectro,,2027,Datos IA gobernanza
ACT-069,Política de espectro 2025 - 2028,Política de espectro 2025 - 2028,6.4 Promover una mayor oferta de servicios y aplicaciones soportados en tecnologías satelitales,"El MinTIC, con el apoyo de la ANE, definirá una estrategia que promueva el uso de soluciones satelitales para facilitar el acceso a Internet, la prestación de servicios de radiodifusión por satélite, así como aplicaciones y usos de observación de la Tierra por satélite y la navegación, con base en las necesidades de este tipo de usos a nivel nacional",6.4 Promover una mayor oferta de servicios y aplicaciones soportados en tecnologías satelitales,,2025,"Satelital NTN D2D, Datos IA gobernanza"
ACT-070,Política de espectro 2025 - 2028,Política de espectro 2025 - 2028,6.4 Promover una mayor oferta de servicios y aplicaciones soportados en tecnologías satelitales,"El MinTIC, con el apoyo de la ANE, fortalecerá el proceso de gestión del Recurso Órbita Espectro (ROE), y se desarrollarán capacidades internas en ambas entidades, para realizar una efectiva coordinación del ROE colombiano vigente ante la UIT, y la posible necesidad de solicitar ROE adicional para atender las necesidades nacionales a futuro.",6.4 Promover una mayor oferta de servicios y aplicaciones soportados en tecnologías satelitales,,2025 - 2028,"Satelital NTN D2D, Datos IA gobernanza, Internacional"
ACT-071,Política de espectro 2025 - 2028,Política de espectro 2025 - 2028,6.4 Promover una mayor oferta de servicios y aplicaciones soportados en tecnologías satelitales,"El MinTIC, con el apoyo de la ANE, realizará una evaluación de impacto de la implementación de la Resolución MinTIC 376 de 2022, y de encontrarse pertinente realizará las modificaciones que se requieran en el régimen contenido en dicha norma.",6.4 Promover una mayor oferta de servicios y aplicaciones soportados en tecnologías satelitales,,2026,"Satelital NTN D2D, Datos IA gobernanza"
ACT-072,Política de espectro 2025 - 2028,Política de espectro 2025 - 2028,6.4 Promover una mayor oferta de servicios y aplicaciones soportados en tecnologías satelitales,El MinTIC y la ANE formularán una estrategia de participación activa del país en los esfuerzos internacionales tendientes a establecer los criterios técnicos para la utilización del componente satelital de las IMT a través de soluciones Direct-to-Device (D2D).,6.4 Promover una mayor oferta de servicios y aplicaciones soportados en tecnologías satelitales,,2025,"IMT 5G bandas, Satelital NTN D2D, Datos IA gobernanza, Internacional"
ACT-073,Política de espectro 2025 - 2028,Política de espectro 2025 - 2028,"6.5 Fortalecer las capacidades de vigilancia, inspección y control para promover el uso efectivo y eficiente del espectro","Las Subdirecciones de Gestión y Planeación y de Vigilancia y Control de la ANE, definirán los mecanismos de coordinación interna para alinear las actividades de vigilancia e inspección con las necesidades de información relevante sobre el uso del espectro para otras etapas de la gestión de este recurso.","6.5 Fortalecer las capacidades de vigilancia, inspección y control para promover el uso efectivo y eficiente del espectro",,2025,"Datos IA gobernanza, Vigilancia control"
ACT-074,Política de espectro 2025 - 2028,Política de espectro 2025 - 2028,"6.5 Fortalecer las capacidades de vigilancia, inspección y control para promover el uso efectivo y eficiente del espectro","Se definirán los productos de datos que soporten las necesidades recurrentes de información para la formulación y elaboración anual del Plan Maestro de Gestión de Espectro (PMGE), los análisis requeridos en la preparación y definición de posiciones de país de acuerdo con la priorización de puntos de agenda para el ciclo de estudios de la CMR-27, la evaluación de mecanismos de compartición de espectro que se consideren necesarios en el marco de las actividades del observatorio de mecanismos flexibles y las demás actividades de gestión de espectro.","6.5 Fortalecer las capacidades de vigilancia, inspección y control para promover el uso efectivo y eficiente del espectro",,2025,"Compartición flexible, Datos IA gobernanza, Vigilancia control, Internacional"
ACT-075,Política de espectro 2025 - 2028,Política de espectro 2025 - 2028,"6.5 Fortalecer las capacidades de vigilancia, inspección y control para promover el uso efectivo y eficiente del espectro","La ANE adelantará una revisión de experiencias y mejores prácticas internacionales para la vigilancia, inspección y control del espectro, con base en la cual se formularán las adiciones, modificaciones o mejoras requeridas en el Modelo de Vigilancia y Control de la entidad en línea con los lineamientos definidos en esta política, y con un enfoque de gestión de riesgos.","6.5 Fortalecer las capacidades de vigilancia, inspección y control para promover el uso efectivo y eficiente del espectro",,2025-2026,"Datos IA gobernanza, Vigilancia control, Internacional"
ACT-076,Política de espectro 2025 - 2028,Política de espectro 2025 - 2028,"6.5 Fortalecer las capacidades de vigilancia, inspección y control para promover el uso efectivo y eficiente del espectro","Se identificará la necesidad de modernizar y/o fortalecer las herramientas con que cuenta la ANE para la inspección, vigilancia y control del espectro, así como de los sistemas de información utilizados para visualizar y procesar los datos recopilados a partir de la actividad de la ANE","6.5 Fortalecer las capacidades de vigilancia, inspección y control para promover el uso efectivo y eficiente del espectro",,2025-2026,"Datos IA gobernanza, Vigilancia control"
ACT-077,Política de espectro 2025 - 2028,Política de espectro 2025 - 2028,6.6 Integrar a Colombia de una manera más activa en las discusiones internacionales de la gestión de espectro y promover una mayor armonización del espectro,Formulación e implementación de una Estrategia de gestión internacional espectro que tenga en consideración las prioridades y objetivos de la gestión de espectro para Colombia.,6.6 Integrar a Colombia de una manera más activa en las discusiones internacionales de la gestión de espectro y promover una mayor armonización del espectro,,2025,"Datos IA gobernanza, Internacional"
ACT-078,Política de espectro 2025 - 2028,Política de espectro 2025 - 2028,6.6 Integrar a Colombia de una manera más activa en las discusiones internacionales de la gestión de espectro y promover una mayor armonización del espectro,"Definir e implementar una metodología de priorización de puntos de agenda de trabajo para las próximas CMRs, que atienda las necesidades estratégicas del país, los lineamientos legales y de política pública, y los planes vigentes en el sector.",6.6 Integrar a Colombia de una manera más activa en las discusiones internacionales de la gestión de espectro y promover una mayor armonización del espectro,,2027,"Datos IA gobernanza, Internacional"
ACT-079,Política de espectro 2025 - 2028,Política de espectro 2025 - 2028,6.6 Integrar a Colombia de una manera más activa en las discusiones internacionales de la gestión de espectro y promover una mayor armonización del espectro,"Se diseñará y adoptará un esquema de discusión y participación de grupos de interés relevantes. Dicha estructura tendrá en cuenta la priorización de puntos de la agenda de CMR-27 definida por la ANE, así como los demás temas que hagan parte de la estrategia de gestión internacional",6.6 Integrar a Colombia de una manera más activa en las discusiones internacionales de la gestión de espectro y promover una mayor armonización del espectro,,2027,"Datos IA gobernanza, Internacional"
ACT-080,Política de espectro 2025 - 2028,Política de espectro 2025 - 2028,6.6 Integrar a Colombia de una manera más activa en las discusiones internacionales de la gestión de espectro y promover una mayor armonización del espectro,Identificación de prioridades de coordinación internacional y la formulación de una hoja de ruta,6.6 Integrar a Colombia de una manera más activa en las discusiones internacionales de la gestión de espectro y promover una mayor armonización del espectro,,2025 -2027,"Datos IA gobernanza, Internacional"
ACT-081,Política de espectro 2025 - 2028,Política de espectro 2025 - 2028,6.7 Optimizar la gestión del espectro a través de la mejora continua e innovación en las tecnologías de la información que la soportan.,"Proponer ajustes a la arquitectura de TI que soporta la gestión de espectro, que considere el estado actual de evolución de las arquitecturas de tecnologías de la información con que cuenta la ANE y el MinTIC",6.7 Optimizar la gestión del espectro a través de la mejora continua e innovación en las tecnologías de la información que la soportan.,,2025-2027,"Datos IA gobernanza, Internacional"
ACT-082,Política de espectro 2025 - 2028,Política de espectro 2025 - 2028,6.7 Optimizar la gestión del espectro a través de la mejora continua e innovación en las tecnologías de la información que la soportan.,"la ANE y el MinTIC formularán conjuntamente, durante 2025, un plan de digitalización de procesos y herramientas que soportan la gestión de espectro con una visión de 5 años, en línea con los avances en la implementación del Sistema Único de Gestión de Espectro (SUGERE)",6.7 Optimizar la gestión del espectro a través de la mejora continua e innovación en las tecnologías de la información que la soportan.,,2025,Datos IA gobernanza
ACT-083,Política de espectro 2025 - 2028,Política de espectro 2025 - 2028,6.7 Optimizar la gestión del espectro a través de la mejora continua e innovación en las tecnologías de la información que la soportan.,"Se deberá formular e implementar una estrategia de gobernanza de datos para la gestión de espectro de manera conjunta entre la ANE y el MinTIC, enfocada en generar información relevante para la toma de decisiones en las diversas etapas de la gestión del espectro.",6.7 Optimizar la gestión del espectro a través de la mejora continua e innovación en las tecnologías de la información que la soportan.,,2026,Datos IA gobernanza
ACT-084,Política de espectro 2025 - 2028,Política de espectro 2025 - 2028,6.7 Optimizar la gestión del espectro a través de la mejora continua e innovación en las tecnologías de la información que la soportan.,La ANE y el MinTIC identificarán oportunidades de innovación en las herramientas de TI para la gestión de espectro e implementarán las soluciones más adecuadas para el cumplimiento de las actividades de dicha gestión.,6.7 Optimizar la gestión del espectro a través de la mejora continua e innovación en las tecnologías de la información que la soportan.,,2026,Datos IA gobernanza
ACT-085,Política de espectro 2025 - 2028,Política de espectro 2025 - 2028,"6.8 Hacer visible la importancia del espectro para la actividad del Estado, el sector privado y la ciudadanía",Se actualizará la caracterización de grupos de interés adelantada entre 2020 y 2021 con el fin de identificar la evolución de intereses y necesidades de cada uno de dichos grupos,"6.8 Hacer visible la importancia del espectro para la actividad del Estado, el sector privado y la ciudadanía",,2025,Datos IA gobernanza
ACT-086,Política de espectro 2025 - 2028,Política de espectro 2025 - 2028,"6.8 Hacer visible la importancia del espectro para la actividad del Estado, el sector privado y la ciudadanía",Se formulará e implementará la estructura del marco de colaboración y coordinación nacional para la gestión de espectro a partir del establecimiento de instancias de coordinación e interacción con los diversos grupos de interés.,"6.8 Hacer visible la importancia del espectro para la actividad del Estado, el sector privado y la ciudadanía",,No definida,Datos IA gobernanza
ACT-087,Política de espectro 2025 - 2028,Política de espectro 2025 - 2028,"6.8 Hacer visible la importancia del espectro para la actividad del Estado, el sector privado y la ciudadanía",Se diseñará una estrategia para visibilizar el impacto en términos de beneficios económicos y sociales de la gestión y uso del espectro.,"6.8 Hacer visible la importancia del espectro para la actividad del Estado, el sector privado y la ciudadanía",,2026,Datos IA gobernanza
ACT-088,Política de espectro 2025 - 2028,Política de espectro 2025 - 2028,"6.8 Hacer visible la importancia del espectro para la actividad del Estado, el sector privado y la ciudadanía","Se formulará un plan de relacionamiento y divulgación con grupos de interés sobre la importancia de la gestión del espectro, el impacto de esta actividad para el desarrollo económico y social y la relevancia de la integración activa del país en instancias internacionales.","6.8 Hacer visible la importancia del espectro para la actividad del Estado, el sector privado y la ciudadanía",,2026,"Datos IA gobernanza, Internacional"
ACT-089,Plan Estratégico ANE 2025-2028,Plan Estratégico ANE 2025-2028,OBJETIVO ESTRATEGICO 1:  Generar un entorno apropiado para la innovación en la gestión y en el uso del espectro,"OBJETIVOS ESPECIFICOS: 
1.1.	Generar y promover los espacios que faciliten esquemas innovadores para la gestión de espectro.

LINEAS DE ACCION:
1.1.1. Gestión del entorno a nivel nacional e internacional",OBJETIVO ESTRATEGICO 1:  Generar un entorno apropiado para la innovación en la gestión y en el uso del espectro,,2025-2028,"Datos IA gobernanza, Internacional"
ACT-090,Plan Estratégico ANE 2025-2028,Plan Estratégico ANE 2025-2028,OBJETIVO ESTRATEGICO 1:  Generar un entorno apropiado para la innovación en la gestión y en el uso del espectro,"OBJETIVOS ESPECIFICOS: 
1.1.	Generar y promover los espacios que faciliten esquemas innovadores para la gestión de espectro.

LINEAS DE ACCION:
1.1.2. Gestión de estrategias de I+DT+I con grupos de interés",OBJETIVO ESTRATEGICO 1:  Generar un entorno apropiado para la innovación en la gestión y en el uso del espectro,,2025-2028,Datos IA gobernanza
ACT-091,Plan Estratégico ANE 2025-2029,Plan Estratégico ANE 2025-2029,OBJETIVO ESTRATEGICO 1:  Generar un entorno apropiado para la innovación en la gestión y en el uso del espectro,"OBJETIVOS ESPECIFICOS: 
1.2. Desarrollar una cultura institucional de innovación

LINEAS DE ACCION:
1.2.1. Adopción de ambientes de TI para la innovación y el uso de tecnologías emergentes en la ANE",OBJETIVO ESTRATEGICO 1:  Generar un entorno apropiado para la innovación en la gestión y en el uso del espectro,,2025-2028,Datos IA gobernanza
ACT-092,Plan Estratégico ANE 2025-2029,Plan Estratégico ANE 2025-2029,OBJETIVO ESTRATEGICO 1:  Generar un entorno apropiado para la innovación en la gestión y en el uso del espectro,"OBJETIVOS ESPECIFICOS: 
1.2. Desarrollar una cultura institucional de innovación

LINEAS DE ACCION:
1.2.2. Adopción de procesos flexibles que faciliten la innovación",OBJETIVO ESTRATEGICO 1:  Generar un entorno apropiado para la innovación en la gestión y en el uso del espectro,,2025-2028,"Compartición flexible, Datos IA gobernanza"
ACT-093,Plan Estratégico ANE 2025-2029,Plan Estratégico ANE 2025-2029,OBJETIVO ESTRATEGICO 1:  Generar un entorno apropiado para la innovación en la gestión y en el uso del espectro,"OBJETIVOS ESPECIFICOS: 
1.2. Desarrollar una cultura institucional de innovación

LINEAS DE ACCION:
1.2.3. Desarrollo de capacidades en innovación (valores, habilidades, estimulo de creatividad e innovación y estilos de dirección y liderazgo organizacionales)",OBJETIVO ESTRATEGICO 1:  Generar un entorno apropiado para la innovación en la gestión y en el uso del espectro,,2025-2028,Datos IA gobernanza
ACT-094,Plan Estratégico ANE 2025-2030,Plan Estratégico ANE 2025-2030,"OBJETIVO ESTRATEGICO 3: Visibilizar el impacto de la gestión del espectro en la actividad del Estado, el sector privado y la ciudadanía","OBJETIVOS ESPECIFICOS: 
3.1. Determinar el impacto de la gestión del espectro en la actividad del Estado, el sector privado y la ciudadanía

LINEAS DE ACCION:
3.1.1. Diseño de modelos de evaluación de impactos de la gestión y uso del espectro (económico, social, ambiental)","OBJETIVO ESTRATEGICO 3: Visibilizar el impacto de la gestión del espectro en la actividad del Estado, el sector privado y la ciudadanía",,2025-2028,Datos IA gobernanza
ACT-095,Plan Estratégico ANE 2025-2030,Plan Estratégico ANE 2025-2030,"OBJETIVO ESTRATEGICO 3: Visibilizar el impacto de la gestión del espectro en la actividad del Estado, el sector privado y la ciudadanía","OBJETIVOS ESPECIFICOS: 
3.1. Determinar el impacto de la gestión del espectro en la actividad del Estado, el sector privado y la ciudadanía

LINEAS DE ACCION:
3.1.2. Desarrollo de estrategias y líneas de intervención para visibilizar el impacto de la gestión y uso del espectro","OBJETIVO ESTRATEGICO 3: Visibilizar el impacto de la gestión del espectro en la actividad del Estado, el sector privado y la ciudadanía",,2025-2028,Datos IA gobernanza
ACT-096,Plan Estratégico ANE 2025-2031,Plan Estratégico ANE 2025-2031,"OBJETIVO ESTRATEGICO 3: Visibilizar el impacto de la gestión del espectro en la actividad del Estado, el sector privado y la ciudadanía","OBJETIVOS ESPECIFICOS: 
3.2. Disponer de estrategias de relacionamiento adecuadas para los grupos de interés

LINEAS DE ACCION:
3.2.1. Caracterización de los grupos de interés de la ANE y desarrollo de estrategias para su atención y relacionamiento","OBJETIVO ESTRATEGICO 3: Visibilizar el impacto de la gestión del espectro en la actividad del Estado, el sector privado y la ciudadanía",,2025-2028,Datos IA gobernanza
ACT-097,Plan Estratégico ANE 2025-2031,Plan Estratégico ANE 2025-2031,"OBJETIVO ESTRATEGICO 3: Visibilizar el impacto de la gestión del espectro en la actividad del Estado, el sector privado y la ciudadanía","OBJETIVOS ESPECIFICOS: 
3.2. Disponer de estrategias de relacionamiento adecuadas para los grupos de interés

LINEAS DE ACCION:
3.2.2. Consolidación de estrategias frente a las necesidades y expectativas de los grupos de interés","OBJETIVO ESTRATEGICO 3: Visibilizar el impacto de la gestión del espectro en la actividad del Estado, el sector privado y la ciudadanía",,2025-2028,Datos IA gobernanza
ACT-098,PETIC 2025-2028 ANE,PETIC 2025-2028 ANE,No. 1: Generar un entorno apropiado para la innovación en la gestión y en el uso del espectro,"""Mejorar el proceso de gestión del espectro el cual desarrollan de manera colaborativa el MINTIC y la ANE y simplificar el trámite designación de espectro."" (Visor de Espectro)",No. 1: Generar un entorno apropiado para la innovación en la gestión y en el uso del espectro,,No definida,Datos IA gobernanza
ACT-099,PETIC 2025-2028 ANE,PETIC 2025-2028 ANE,No. 2: Contar con un modelo óptimo de operación para la ANE,"""Interoperabilidad, uso y apropiación usuarios externos."" (Plataforma Espacios en Blanco)",No. 2: Contar con un modelo óptimo de operación para la ANE,,No definida,Datos IA gobernanza
ACT-100,PETIC 2025-2028 ANE,PETIC 2025-2028 ANE,No. 2: Contar con un modelo óptimo de operación para la ANE,"""Integración de los diferentes portales de la entidad en una única sede electrónica de acuerdo con los lineamientos definidos por MinTIC y Gov.co."" (Visor de Espectro y CNABF)",No. 2: Contar con un modelo óptimo de operación para la ANE,,No definida,"petic, 2025-2028, contar, modelo, óptimo, operación, para, integración"
ACT-101,PETIC 2025-2028 ANE,PETIC 2025-2028 ANE,"No. 3: Visibilizar el impacto de la gestión del espectro en la actividad del Estado, el sector privado y la ciudadanía","""Extracción, transformación/calidad, carga de datos para análisis de estos."" (Analítica de datos aplicada a mediciones de espectro)","No. 3: Visibilizar el impacto de la gestión del espectro en la actividad del Estado, el sector privado y la ciudadanía",,No definida,Datos IA gobernanza
